{
  "model_version": "v5",
  "total_images": 20,
  "successful_images": 20,
  "failed_images": 0,
  "success_rate_percent": 100.0,
  "performance": {
    "avg_inference_time_ms": 1151.770814259847,
    "min_inference_time_ms": 84.16438102722168,
    "max_inference_time_ms": 3696.0179011027017,
    "std_inference_time_ms": 1051.3509871103665,
    "avg_fps": 2.943354377339386,
    "min_fps": 0.27056146013298565,
    "max_fps": 11.881510774451788,
    "avg_chars_per_second": 255.1723974807943,
    "min_chars_per_second": 59.61402926949444,
    "max_chars_per_second": 533.1619627859941,
    "total_characters_detected": 7636,
    "avg_characters_per_image": 381.8
  },
  "timing": {
    "init_time_ms": 4629.128694534302,
    "batch_duration_ms": 72216.6063785553,
    "total_inference_time_ms": 23035.416285196945
  },
  "accuracy": {
    "avg_character_accuracy_percent": 68.56420509201496,
    "min_character_accuracy_percent": 9.766162310866576,
    "max_character_accuracy_percent": 100.0,
    "avg_character_error_rate_percent": 31.435794907985038,
    "min_character_error_rate_percent": 0.0,
    "max_character_error_rate_percent": 90.23383768913342
  }
}